Scientific Name | Nom scientifique,Taxonomic Kingdom | Règne taxonomique,Taxonomic Rank | Rang taxonomique,Province/Territory | Province/territoire,Province/Territory Code | Code du Province/territoire,Country | Pays,Country Code | Code du pays,Collection Code | Code de la collection
"Aphelenchus avenae Bastian, 1865",Animalia,species | espèce,Alberta,AB,Canada,CA,CNC
"Criconema jaejuense (Choi & Geraert, 1975) Raski & Luc, 1985",Animalia,species | espèce,Alberta,AB,Canada,CA,CNC
"Discolaimus major Thorne, 1939",Animalia,species | espèce,Alberta,AB,Canada,CA,CNC
"Helicotylenchus cornurus Anderson, 1974",Animalia,species | espèce,Alberta,AB,Canada,CA,CNC
"Helicotylenchus digonicus Perry in Perry, Darling & Thorne, 1959",Animalia,species | espèce,Alberta,AB,Canada,CA,CNC
"Helicotylenchus dihystera (Cobb, 1893) Sher, 1966",Animalia,species | espèce,Alberta,AB,Canada,CA,CNC
"Helicotylenchus leiocephalus Sher, 1966",Animalia,species | espèce,Alberta,AB,Canada,CA,CNC
"Helicotylenchus phalerus Anderson, 1974",Animalia,species | espèce,Alberta,AB,Canada,CA,CNC
"Hemicycliophora minora Wu, 1966",Animalia,species | espèce,Alberta,AB,Canada,CA,CNC
"Hemicycliophora uniformis Thorne, 1955",Animalia,species | espèce,Alberta,AB,Canada,CA,CNC
"Heterodera glycines Ichinohe, 1952",Animalia,species | espèce,Alberta,AB,Canada,CA,CNC
"Heterodera schachtii A. Schmidt, 1871",Animalia,species | espèce,Alberta,AB,Canada,CA,CNC
"Heterodera trifolii Goffart, 1932",Animalia,species | espèce,Alberta,AB,Canada,CA,CNC
"Hoplolaimus indicus Sher, 1963",Animalia,species | espèce,Alberta,AB,Canada,CA,CNC
"Meloidogyne hapla Chitwood, 1949",Animalia,species | espèce,Alberta,AB,Canada,CA,CNC
"Meloidogyne incognita (Kofoid & White, 1919) Chitwood, 1949",Animalia,species | espèce,Alberta,AB,Canada,CA,CNC
"Meloidogyne javanica (Treub, 1885) Chitwood, 1949",Animalia,species | espèce,Alberta,AB,Canada,CA,CNC
"Mononchus truncatus Bastian, 1865",Animalia,species | espèce,Alberta,AB,Canada,CA,CNC
"Mylonchulus subtenuis Cobb, 1917",Animalia,species | espèce,Alberta,AB,Canada,CA,CNC
"Nagelus leptus (Allen, 1955) Siddiqi, 1979",Animalia,species | espèce,Alberta,AB,Canada,CA,CNC
"Paratylenchus hamatus Thorne & Allen, 1950",Animalia,species | espèce,Alberta,AB,Canada,CA,CNC
"Paratylenchus labiosus Anderson & Kimpinski, 1977",Animalia,species | espèce,Alberta,AB,Canada,CA,CNC
"Paratylenchus neoprojectus Wu & Hawn, 1975",Animalia,species | espèce,Alberta,AB,Canada,CA,CNC
"Paratylenchus projectus Jenkins, 1956",Animalia,species | espèce,Alberta,AB,Canada,CA,CNC
"Paratylenchus tateae Wu & Townshend, 1973",Animalia,species | espèce,Alberta,AB,Canada,CA,CNC
"Pratylenchoides bacilisemenus Sher, 1970",Animalia,species | espèce,Alberta,AB,Canada,CA,CNC
"Pratylenchus hexincisus Taylor & Jenkins, 1957",Animalia,species | espèce,Alberta,AB,Canada,CA,CNC
"Pratylenchus neglectus (Rensch, 1924) Filipjev & Schuurmans Stekhoven, 1941",Animalia,species | espèce,Alberta,AB,Canada,CA,CNC
"Pratylenchus penetrans (Cobb, 1917) Filipjev & Schuurmans Stekhoven, 1941",Animalia,species | espèce,Alberta,AB,Canada,CA,CNC
"Punctodera punctata (Thorne, 1928) Mulvey & Stone, 1976",Animalia,species | espèce,Alberta,AB,Canada,CA,CNC
"Rhyssocolpus iuventutis Andrássy, 1971",Animalia,species | espèce,Alberta,AB,Canada,CA,CNC
"Rotylenchus quartus (Andrássy, 1958)",Animalia,species | espèce,Alberta,AB,Canada,CA,CNC
"Tylenchorhynchus claytoni Steiner, 1937",Animalia,species | espèce,Alberta,AB,Canada,CA,CNC
"Tylenchorhynchus dubius (Bütschli, 1873) Filipjev, 1936",Animalia,species | espèce,Alberta,AB,Canada,CA,CNC
"Tylenchorhynchus maximus Allen, 1955",Animalia,species | espèce,Alberta,AB,Canada,CA,CNC
"Mesocriconema xenoplax (Raski, 1952) Loof & De Grisse, 1989",Animalia,species | espèce,Alberta,AB,Canada,CA,CNC
"Aphelenchoides limberi Steiner, 1936",Animalia,species | espèce,British Columbia | Colombie-Britannique,BC,Canada,CA,CNC
"Aphelenchoides parietinus (Bastian, 1865) Steiner, 1932",Animalia,species | espèce,British Columbia | Colombie-Britannique,BC,Canada,CA,CNC
"Aphelenchoides ritzemabosi (Schwartz, 1911) Steiner and Buhrer, 1932",Animalia,species | espèce,British Columbia | Colombie-Britannique,BC,Canada,CA,CNC
"Aphelenchus avenae Bastian, 1865",Animalia,species | espèce,British Columbia | Colombie-Britannique,BC,Canada,CA,CNC
"Cactodera weissi (Steiner, 1949) Krall & Krall, 1978",Animalia,species | espèce,British Columbia | Colombie-Britannique,BC,Canada,CA,CNC
"Chromadorina germanica (Bütschli, 1874) Wieser, 1954",Animalia,species | espèce,British Columbia | Colombie-Britannique,BC,Canada,CA,CNC
"Criconema annuliferum (de Man, 1921) Micoletzky, 1925",Animalia,species | espèce,British Columbia | Colombie-Britannique,BC,Canada,CA,CNC
"Criconema crotaloides (Cobb, 1924) Schuurmans-Stekhoven & Teunissen, 1938",Animalia,species | espèce,British Columbia | Colombie-Britannique,BC,Canada,CA,CNC
"Criconema longulum Gunhold, 1953",Animalia,species | espèce,British Columbia | Colombie-Britannique,BC,Canada,CA,CNC
"Cylindrolaimus melancholicus de Man, 1880",Animalia,species | espèce,British Columbia | Colombie-Britannique,BC,Canada,CA,CNC
"Ditylenchus dipsaci (Kühn, 1857) Filipjev, 1936",Animalia,species | espèce,British Columbia | Colombie-Britannique,BC,Canada,CA,CNC
"Ditylenchus myceliophagus Goodey, 1958",Animalia,species | espèce,British Columbia | Colombie-Britannique,BC,Canada,CA,CNC
"Enoplus anisospiculus Nelson, Hopper & Webster, 1972",Animalia,species | espèce,British Columbia | Colombie-Britannique,BC,Canada,CA,CNC
"Helicotylenchus cornurus Anderson, 1974",Animalia,species | espèce,British Columbia | Colombie-Britannique,BC,Canada,CA,CNC
"Helicotylenchus digonicus Perry in Perry, Darling & Thorne, 1959",Animalia,species | espèce,British Columbia | Colombie-Britannique,BC,Canada,CA,CNC
"Helicotylenchus pseudorobustus (Steiner, 1914) Golden, 1956",Animalia,species | espèce,British Columbia | Colombie-Britannique,BC,Canada,CA,CNC
"Helicotylenchus spitsbergensis Loof, 1971",Animalia,species | espèce,British Columbia | Colombie-Britannique,BC,Canada,CA,CNC
"Heterodera avenae Wollenweber, 1924",Animalia,species | espèce,British Columbia | Colombie-Britannique,BC,Canada,CA,CNC
"Heterodera humuli Filipjev, 1934",Animalia,species | espèce,British Columbia | Colombie-Britannique,BC,Canada,CA,CNC
"Heterodera trifolii Goffart, 1932",Animalia,species | espèce,British Columbia | Colombie-Britannique,BC,Canada,CA,CNC
"Longidorus elongatus (de Man, 1876) Micoletzky, 1922",Animalia,species | espèce,British Columbia | Colombie-Britannique,BC,Canada,CA,CNC
"Meloidogyne arenaria (Neal, 1889) Chitwood, 1949",Animalia,species | espèce,British Columbia | Colombie-Britannique,BC,Canada,CA,CNC
"Meloidogyne hapla Chitwood, 1949",Animalia,species | espèce,British Columbia | Colombie-Britannique,BC,Canada,CA,CNC
"Meloidogyne incognita (Kofoid & White, 1919) Chitwood, 1949",Animalia,species | espèce,British Columbia | Colombie-Britannique,BC,Canada,CA,CNC
"Meloidogyne javanica (Treub, 1885) Chitwood, 1949",Animalia,species | espèce,British Columbia | Colombie-Britannique,BC,Canada,CA,CNC
"Mermis nigrescens Dujardin, 1842",Animalia,species | espèce,British Columbia | Colombie-Britannique,BC,Canada,CA,CNC
"Mononchus truncatus Bastian, 1865",Animalia,species | espèce,British Columbia | Colombie-Britannique,BC,Canada,CA,CNC
"Nagelus leptus (Allen, 1955) Siddiqi, 1979",Animalia,species | espèce,British Columbia | Colombie-Britannique,BC,Canada,CA,CNC
"Ogma seymouri (Wu, 1965) Siddiqi, 1986",Animalia,species | espèce,British Columbia | Colombie-Britannique,BC,Canada,CA,CNC
"Oncholaimus skawensis Ditlevsen, 1921",Animalia,species | espèce,British Columbia | Colombie-Britannique,BC,Canada,CA,CNC
"Panagrolaimus subelongatus (Cobb, 1914)",Animalia,species | espèce,British Columbia | Colombie-Britannique,BC,Canada,CA,CNC
"Paratylenchus aculentus Brown, 1959",Animalia,species | espèce,British Columbia | Colombie-Britannique,BC,Canada,CA,CNC
"Paratylenchus hamatus Thorne & Allen, 1950",Animalia,species | espèce,British Columbia | Colombie-Britannique,BC,Canada,CA,CNC
"Paratylenchus projectus Jenkins, 1956",Animalia,species | espèce,British Columbia | Colombie-Britannique,BC,Canada,CA,CNC
"Paratylenchus variabilis Raski, 1975",Animalia,species | espèce,British Columbia | Colombie-Britannique,BC,Canada,CA,CNC
"Paratylenchus veruculatus Wu, 1962",Animalia,species | espèce,British Columbia | Colombie-Britannique,BC,Canada,CA,CNC
"Pratylenchoides bacilisemenus Sher, 1970",Animalia,species | espèce,British Columbia | Colombie-Britannique,BC,Canada,CA,CNC
"Pratylenchus crenatus Loof, 1960",Animalia,species | espèce,British Columbia | Colombie-Britannique,BC,Canada,CA,CNC
"Pratylenchus neglectus (Rensch, 1924) Filipjev & Schuurmans Stekhoven, 1941",Animalia,species | espèce,British Columbia | Colombie-Britannique,BC,Canada,CA,CNC
"Pratylenchus penetrans (Cobb, 1917) Filipjev & Schuurmans Stekhoven, 1941",Animalia,species | espèce,British Columbia | Colombie-Britannique,BC,Canada,CA,CNC
"Punctodera punctata (Thorne, 1928) Mulvey & Stone, 1976",Animalia,species | espèce,British Columbia | Colombie-Britannique,BC,Canada,CA,CNC
"Rotylenchus buxophilus (Golden, 1956)",Animalia,species | espèce,British Columbia | Colombie-Britannique,BC,Canada,CA,CNC
"Rotylenchus robustus (de Man, 1876)",Animalia,species | espèce,British Columbia | Colombie-Britannique,BC,Canada,CA,CNC
"Seinura tenuicaudata (de Man, 1895)",Animalia,species | espèce,British Columbia | Colombie-Britannique,BC,Canada,CA,CNC
"Tripyloides marinus (Bütschli, 1874) de Man, 1886",Animalia,species | espèce,British Columbia | Colombie-Britannique,BC,Canada,CA,CNC
"Tylenchorhynchus claytoni Steiner, 1937",Animalia,species | espèce,British Columbia | Colombie-Britannique,BC,Canada,CA,CNC
"Tylenchorhynchus nudus Allen, 1955",Animalia,species | espèce,British Columbia | Colombie-Britannique,BC,Canada,CA,CNC
"Xiphinema diversicaudatum (Micoletzky, 1923 & 1927) Thorne, 1939",Animalia,species | espèce,British Columbia | Colombie-Britannique,BC,Canada,CA,CNC
"Mesocriconema axeste (Fassuliotis & Williamson, 1959) Loof & De Grisse, 1989",Animalia,species | espèce,British Columbia | Colombie-Britannique,BC,Canada,CA,CNC
"Mesocriconema xenoplax (Raski, 1952) Loof & De Grisse, 1989",Animalia,species | espèce,British Columbia | Colombie-Britannique,BC,Canada,CA,CNC
"Aphelenchus avenae Bastian, 1865",Animalia,species | espèce,Manitoba,MB,Canada,CA,CNC
"Cactodera cacti (Filipjev & Schuurmans Stekhoven, 1941) Krall & Krall, 1978",Animalia,species | espèce,Manitoba,MB,Canada,CA,CNC
"Cactodera weissi (Steiner, 1949) Krall & Krall, 1978",Animalia,species | espèce,Manitoba,MB,Canada,CA,CNC
"Ditylenchus dipsaci (Kühn, 1857) Filipjev, 1936",Animalia,species | espèce,Manitoba,MB,Canada,CA,CNC
"Gastromermis deltensis Hominick & Welch, 1971",Animalia,species | espèce,Manitoba,MB,Canada,CA,CNC
"Helicotylenchus digonicus Perry in Perry, Darling & Thorne, 1959",Animalia,species | espèce,Manitoba,MB,Canada,CA,CNC
"Helicotylenchus leiocephalus Sher, 1966",Animalia,species | espèce,Manitoba,MB,Canada,CA,CNC
"Helicotylenchus pseudorobustus (Steiner, 1914) Golden, 1956",Animalia,species | espèce,Manitoba,MB,Canada,CA,CNC
"Hoplolaimus galeatus (Cobb, 1913)",Animalia,species | espèce,Manitoba,MB,Canada,CA,CNC
"Hydromermis churchillensis Welch, 1960",Animalia,species | espèce,Manitoba,MB,Canada,CA,CNC
"Hydromermis conopophaga Poinar, 1968",Animalia,species | espèce,Manitoba,MB,Canada,CA,CNC
"Hydromermis palustris Hominick & Welch, 1971",Animalia,species | espèce,Manitoba,MB,Canada,CA,CNC
"Meloidogyne arenaria (Neal, 1889) Chitwood, 1949",Animalia,species | espèce,Manitoba,MB,Canada,CA,CNC
"Meloidogyne hapla Chitwood, 1949",Animalia,species | espèce,Manitoba,MB,Canada,CA,CNC
"Meloidogyne incognita (Kofoid & White, 1919) Chitwood, 1949",Animalia,species | espèce,Manitoba,MB,Canada,CA,CNC
"Mononchus truncatus Bastian, 1865",Animalia,species | espèce,Manitoba,MB,Canada,CA,CNC
"Nothotylenchus acris Thorne, 1941",Animalia,species | espèce,Manitoba,MB,Canada,CA,CNC
"Panagrellus redivivus (Linnaeus, 1767) Goodey, 1945",Animalia,species | espèce,Manitoba,MB,Canada,CA,CNC
"Paratylenchus aciculus Brown, 1959",Animalia,species | espèce,Manitoba,MB,Canada,CA,CNC
"Paratylenchus hamatus Thorne & Allen, 1950",Animalia,species | espèce,Manitoba,MB,Canada,CA,CNC
"Paratylenchus projectus Jenkins, 1956",Animalia,species | espèce,Manitoba,MB,Canada,CA,CNC
"Paratylenchus tenuicaudatus Wu, 1961",Animalia,species | espèce,Manitoba,MB,Canada,CA,CNC
"Pratylenchus penetrans (Cobb, 1917) Filipjev & Schuurmans Stekhoven, 1941",Animalia,species | espèce,Manitoba,MB,Canada,CA,CNC
"Punctodera punctata (Thorne, 1928) Mulvey & Stone, 1976",Animalia,species | espèce,Manitoba,MB,Canada,CA,CNC
"Romanomermis communensis Galloway & Brust, 1979",Animalia,species | espèce,Manitoba,MB,Canada,CA,CNC
"Romanomermis culicivorax Ross & Smith, 1976",Animalia,species | espèce,Manitoba,MB,Canada,CA,CNC
"Tylenchorhynchus maximus Allen, 1955",Animalia,species | espèce,Manitoba,MB,Canada,CA,CNC
"Tylenchorhynchus nudus Allen, 1955",Animalia,species | espèce,Manitoba,MB,Canada,CA,CNC
"Mesocriconema xenoplax (Raski, 1952) Loof & De Grisse, 1989",Animalia,species | espèce,Manitoba,MB,Canada,CA,CNC
"Adorus tenuis Cobb in Thorne, 1939",Animalia,species | espèce,New Brunswick | Nouveau-Brunswick,NB,Canada,CA,CNC
"Aphelenchoides bicaudatus (Imamura, 1931) Filipjev & Schuurmans Stekhoven, 1941",Animalia,species | espèce,New Brunswick | Nouveau-Brunswick,NB,Canada,CA,CNC
"Axonolaimus interrogativus Wieser, 1959",Animalia,species | espèce,New Brunswick | Nouveau-Brunswick,NB,Canada,CA,CNC
"Bakernema inaequale (Taylor, 1936) Mehta & Raski, 1971",Animalia,species | espèce,New Brunswick | Nouveau-Brunswick,NB,Canada,CA,CNC
"Bathylaimus australis Cobb, 1894",Animalia,species | espèce,New Brunswick | Nouveau-Brunswick,NB,Canada,CA,CNC
"Bathylaimus stenolaimus Schuurmans-Stekhoven & De Coninck, 1933",Animalia,species | espèce,New Brunswick | Nouveau-Brunswick,NB,Canada,CA,CNC
"Calligyrus stokesi Timm, 1971",Animalia,species | espèce,New Brunswick | Nouveau-Brunswick,NB,Canada,CA,CNC
"Criconema longulum Gunhold, 1953",Animalia,species | espèce,New Brunswick | Nouveau-Brunswick,NB,Canada,CA,CNC
"Criconema sphagni Micoletzky, 1925",Animalia,species | espèce,New Brunswick | Nouveau-Brunswick,NB,Canada,CA,CNC
"Enoplus communis Bastian, 1865",Animalia,species | espèce,New Brunswick | Nouveau-Brunswick,NB,Canada,CA,CNC
"Euteratocephalus palustris (de Man, 1880) Andrássy, 1958",Animalia,species | espèce,New Brunswick | Nouveau-Brunswick,NB,Canada,CA,CNC
"Haliplectus bickneri Chitwood, 1956",Animalia,species | espèce,New Brunswick | Nouveau-Brunswick,NB,Canada,CA,CNC
"Haliplectus pellucidus Cobb, 1913",Animalia,species | espèce,New Brunswick | Nouveau-Brunswick,NB,Canada,CA,CNC
"Heterodera cruciferae Franklin, 1945",Animalia,species | espèce,New Brunswick | Nouveau-Brunswick,NB,Canada,CA,CNC
"Hoplolaimus galeatus (Cobb, 1913)",Animalia,species | espèce,New Brunswick | Nouveau-Brunswick,NB,Canada,CA,CNC
"Ogma cobbi (Micoletzky, 1925) Siddiqi, 1986",Animalia,species | espèce,New Brunswick | Nouveau-Brunswick,NB,Canada,CA,CNC
"Ogma seymouri (Wu, 1965) Siddiqi, 1986",Animalia,species | espèce,New Brunswick | Nouveau-Brunswick,NB,Canada,CA,CNC
"Oxydirus oxycephalus (de Man, 1885) Thorne, 1939",Animalia,species | espèce,New Brunswick | Nouveau-Brunswick,NB,Canada,CA,CNC
"Paracyatholaimus intermedius (de Man, 1880) Micoletzky, 1922",Animalia,species | espèce,New Brunswick | Nouveau-Brunswick,NB,Canada,CA,CNC
"Paratylenchus hamatus Thorne & Allen, 1950",Animalia,species | espèce,New Brunswick | Nouveau-Brunswick,NB,Canada,CA,CNC
"Paratylenchus projectus Jenkins, 1956",Animalia,species | espèce,New Brunswick | Nouveau-Brunswick,NB,Canada,CA,CNC
"Plectus amorphotelus Ebsary, 1985",Animalia,species | espèce,New Brunswick | Nouveau-Brunswick,NB,Canada,CA,CNC
"Plectus longicaudatus Bütschli, 1873",Animalia,species | espèce,New Brunswick | Nouveau-Brunswick,NB,Canada,CA,CNC
"Pratylenchus crenatus Loof, 1960",Animalia,species | espèce,New Brunswick | Nouveau-Brunswick,NB,Canada,CA,CNC
"Pratylenchus penetrans (Cobb, 1917) Filipjev & Schuurmans Stekhoven, 1941",Animalia,species | espèce,New Brunswick | Nouveau-Brunswick,NB,Canada,CA,CNC
"Pratylenchus vulnus Allen & Jensen, 1951",Animalia,species | espèce,New Brunswick | Nouveau-Brunswick,NB,Canada,CA,CNC
"Punctodera punctata (Thorne, 1928) Mulvey & Stone, 1976",Animalia,species | espèce,New Brunswick | Nouveau-Brunswick,NB,Canada,CA,CNC
"Tylenchorhynchus dubius (Bütschli, 1873) Filipjev, 1936",Animalia,species | espèce,New Brunswick | Nouveau-Brunswick,NB,Canada,CA,CNC
"Tylenchorhynchus maximus Allen, 1955",Animalia,species | espèce,New Brunswick | Nouveau-Brunswick,NB,Canada,CA,CNC
"Mesocriconema axeste (Fassuliotis & Williamson, 1959) Loof & De Grisse, 1989",Animalia,species | espèce,New Brunswick | Nouveau-Brunswick,NB,Canada,CA,CNC
"Mesocriconema xenoplax (Raski, 1952) Loof & De Grisse, 1989",Animalia,species | espèce,New Brunswick | Nouveau-Brunswick,NB,Canada,CA,CNC
"Amplimerlinius amplus Siddiqi, 1976",Animalia,species | espèce,Newfoundland and Labrador | Terre-Neuve-et-Labrador,NL,Canada,CA,CNC
"Atylenchus decalineatus Cobb, 1913",Animalia,species | espèce,Newfoundland and Labrador | Terre-Neuve-et-Labrador,NL,Canada,CA,CNC
"Cactodera cacti (Filipjev & Schuurmans Stekhoven, 1941) Krall & Krall, 1978",Animalia,species | espèce,Newfoundland and Labrador | Terre-Neuve-et-Labrador,NL,Canada,CA,CNC
"Criconema demani Micoletzky, 1925",Animalia,species | espèce,Newfoundland and Labrador | Terre-Neuve-et-Labrador,NL,Canada,CA,CNC
"Criconema longulum Gunhold, 1953",Animalia,species | espèce,Newfoundland and Labrador | Terre-Neuve-et-Labrador,NL,Canada,CA,CNC
"Criconema sphagni Micoletzky, 1925",Animalia,species | espèce,Newfoundland and Labrador | Terre-Neuve-et-Labrador,NL,Canada,CA,CNC
"Ditylenchus dipsaci (Kühn, 1857) Filipjev, 1936",Animalia,species | espèce,Newfoundland and Labrador | Terre-Neuve-et-Labrador,NL,Canada,CA,CNC
"Helicotylenchus pseudorobustus (Steiner, 1914) Golden, 1956",Animalia,species | espèce,Newfoundland and Labrador | Terre-Neuve-et-Labrador,NL,Canada,CA,CNC
"Hemicycliophora uniformis Thorne, 1955",Animalia,species | espèce,Newfoundland and Labrador | Terre-Neuve-et-Labrador,NL,Canada,CA,CNC
"Heterodera avenae Wollenweber, 1924",Animalia,species | espèce,Newfoundland and Labrador | Terre-Neuve-et-Labrador,NL,Canada,CA,CNC
"Heterodera schachtii A. Schmidt, 1871",Animalia,species | espèce,Newfoundland and Labrador | Terre-Neuve-et-Labrador,NL,Canada,CA,CNC
"Heterodera trifolii Goffart, 1932",Animalia,species | espèce,Newfoundland and Labrador | Terre-Neuve-et-Labrador,NL,Canada,CA,CNC
"Ironus terranovus Ebsary, 1985",Animalia,species | espèce,Newfoundland and Labrador | Terre-Neuve-et-Labrador,NL,Canada,CA,CNC
"Mononchus truncatus Bastian, 1865",Animalia,species | espèce,Newfoundland and Labrador | Terre-Neuve-et-Labrador,NL,Canada,CA,CNC
"Ogma seymouri (Wu, 1965) Siddiqi, 1986",Animalia,species | espèce,Newfoundland and Labrador | Terre-Neuve-et-Labrador,NL,Canada,CA,CNC
"Paramononchus arcticus Mulvey, 1978",Animalia,species | espèce,Newfoundland and Labrador | Terre-Neuve-et-Labrador,NL,Canada,CA,CNC
"Punctodera punctata (Thorne, 1928) Mulvey & Stone, 1976",Animalia,species | espèce,Newfoundland and Labrador | Terre-Neuve-et-Labrador,NL,Canada,CA,CNC
"Tylenchorhynchus dubius (Bütschli, 1873) Filipjev, 1936",Animalia,species | espèce,Newfoundland and Labrador | Terre-Neuve-et-Labrador,NL,Canada,CA,CNC
"Tylenchorhynchus maximus Allen, 1955",Animalia,species | espèce,Newfoundland and Labrador | Terre-Neuve-et-Labrador,NL,Canada,CA,CNC
"Aphelenchoides arcticus Sanwal, 1965",Animalia,species | espèce,Northwest Territories | Territoires du Nord-Ouest,NT,Canada,CA,CNC
"Arctidorylaimus arcticus Mulvey & Anderson, 1979",Animalia,species | espèce,Northwest Territories | Territoires du Nord-Ouest,NT,Canada,CA,CNC
"Bastiania gracilis de Man, 1876",Animalia,species | espèce,Northwest Territories | Territoires du Nord-Ouest,NT,Canada,CA,CNC
"Capitomermis micropeos Mulvey & Nickle, 1978",Animalia,species | espèce,Northwest Territories | Territoires du Nord-Ouest,NT,Canada,CA,CNC
"Cylindrolaimus melancholicus de Man, 1880",Animalia,species | espèce,Northwest Territories | Territoires du Nord-Ouest,NT,Canada,CA,CNC
"Ethmolaimus pratensis de Man, 1880",Animalia,species | espèce,Northwest Territories | Territoires du Nord-Ouest,NT,Canada,CA,CNC
"Gastromermis pachopeos Mulvey & Nickle, 1978",Animalia,species | espèce,Northwest Territories | Territoires du Nord-Ouest,NT,Canada,CA,CNC
"Geocenamus arcticus (Mulvey, 1969) Tarjan, 1973",Animalia,species | espèce,Northwest Territories | Territoires du Nord-Ouest,NT,Canada,CA,CNC
"Geocenamus longus (Wu, 1969) Tarjan, 1973",Animalia,species | espèce,Northwest Territories | Territoires du Nord-Ouest,NT,Canada,CA,CNC
"Hydromermis conopophaga Poinar, 1968",Animalia,species | espèce,Northwest Territories | Territoires du Nord-Ouest,NT,Canada,CA,CNC
"Hydromermis macrospiculatus Mulvey & Nickle, 1978",Animalia,species | espèce,Northwest Territories | Territoires du Nord-Ouest,NT,Canada,CA,CNC
"Microlaimus arcticus Mulvey, 1969",Animalia,species | espèce,Northwest Territories | Territoires du Nord-Ouest,NT,Canada,CA,CNC
"Mononchus truncatus Bastian, 1865",Animalia,species | espèce,Northwest Territories | Territoires du Nord-Ouest,NT,Canada,CA,CNC
"Nagelus leptus (Allen, 1955) Siddiqi, 1979",Animalia,species | espèce,Northwest Territories | Territoires du Nord-Ouest,NT,Canada,CA,CNC
"Neomesomermis flumenalis (Welch, 1962)",Animalia,species | espèce,Northwest Territories | Territoires du Nord-Ouest,NT,Canada,CA,CNC
"Neomesomermis welchi Mulvey & Nickle, 1978",Animalia,species | espèce,Northwest Territories | Territoires du Nord-Ouest,NT,Canada,CA,CNC
"Neomesomermis yukonensis Mulvey & Nickle, 1978",Animalia,species | espèce,Northwest Territories | Territoires du Nord-Ouest,NT,Canada,CA,CNC
"Nothotylenchus acris Thorne, 1941",Animalia,species | espèce,Northwest Territories | Territoires du Nord-Ouest,NT,Canada,CA,CNC
"Nothotylenchus attenuatus Mulvey, 1969",Animalia,species | espèce,Northwest Territories | Territoires du Nord-Ouest,NT,Canada,CA,CNC
"Nothotylenchus danubialis Andrássy, 1960",Animalia,species | espèce,Northwest Territories | Territoires du Nord-Ouest,NT,Canada,CA,CNC
"Paractinolaimus spanithelus Eveleigh, 1982",Animalia,species | espèce,Northwest Territories | Territoires du Nord-Ouest,NT,Canada,CA,CNC
"Paramononchus arcticus Mulvey, 1978",Animalia,species | espèce,Northwest Territories | Territoires du Nord-Ouest,NT,Canada,CA,CNC
"Plectus cirratus Bastian, 1865",Animalia,species | espèce,Northwest Territories | Territoires du Nord-Ouest,NT,Canada,CA,CNC
"Rhabdolaimus terrestris de Man, 1880",Animalia,species | espèce,Northwest Territories | Territoires du Nord-Ouest,NT,Canada,CA,CNC
"Rhyssocolpus arcticus Ebsary, 1984",Animalia,species | espèce,Northwest Territories | Territoires du Nord-Ouest,NT,Canada,CA,CNC
"Teratocephalus lirellus Anderson, 1969",Animalia,species | espèce,Northwest Territories | Territoires du Nord-Ouest,NT,Canada,CA,CNC
"Tylenchus neodavainei Wu, 1969",Animalia,species | espèce,Northwest Territories | Territoires du Nord-Ouest,NT,Canada,CA,CNC
"Tylenchus stylolineatus Wu, 1969",Animalia,species | espèce,Northwest Territories | Territoires du Nord-Ouest,NT,Canada,CA,CNC
"Hadrodenus megacondylus Mulvey, 1969",Animalia,species | espèce,Northwest Territories | Territoires du Nord-Ouest,NT,Canada,CA,CNC
"Acrobeloides apiculatus (Thorne, 1925) Thorne, 1937",Animalia,species | espèce,Nova Scotia | Nouvelle-Écosse,NS,Canada,CA,CNC
"Acrobeloides nanus (de Man, 1880) Anderson, 1968",Animalia,species | espèce,Nova Scotia | Nouvelle-Écosse,NS,Canada,CA,CNC
"Anaplectus porosus Allen & Noffsinger, 1968",Animalia,species | espèce,Nova Scotia | Nouvelle-Écosse,NS,Canada,CA,CNC
"Aphelenchus avenae Bastian, 1865",Animalia,species | espèce,Nova Scotia | Nouvelle-Écosse,NS,Canada,CA,CNC
"Bakernema inaequale (Taylor, 1936) Mehta & Raski, 1971",Animalia,species | espèce,Nova Scotia | Nouvelle-Écosse,NS,Canada,CA,CNC
"Chromadora nudicapitata Bastian, 1865",Animalia,species | espèce,Nova Scotia | Nouvelle-Écosse,NS,Canada,CA,CNC
"Chromadorina germanica (Bütschli, 1874) Wieser, 1954",Animalia,species | espèce,Nova Scotia | Nouvelle-Écosse,NS,Canada,CA,CNC
"Chronogaster longicollis (Daday, 1899) Andrássy, 1958",Animalia,species | espèce,Nova Scotia | Nouvelle-Écosse,NS,Canada,CA,CNC
"Criconema sphagni Micoletzky, 1925",Animalia,species | espèce,Nova Scotia | Nouvelle-Écosse,NS,Canada,CA,CNC
"Dolichodorus heterocephalus Cobb, 1914",Animalia,species | espèce,Nova Scotia | Nouvelle-Écosse,NS,Canada,CA,CNC
"Enoplus communis Bastian, 1865",Animalia,species | espèce,Nova Scotia | Nouvelle-Écosse,NS,Canada,CA,CNC
"Euteratocephalus palustris (de Man, 1880) Andrássy, 1958",Animalia,species | espèce,Nova Scotia | Nouvelle-Écosse,NS,Canada,CA,CNC
"Helicotylenchus dihystera (Cobb, 1893) Sher, 1966",Animalia,species | espèce,Nova Scotia | Nouvelle-Écosse,NS,Canada,CA,CNC
"Helicotylenchus hydrophilus Sher, 1966",Animalia,species | espèce,Nova Scotia | Nouvelle-Écosse,NS,Canada,CA,CNC
"Helicotylenchus pseudorobustus (Steiner, 1914) Golden, 1956",Animalia,species | espèce,Nova Scotia | Nouvelle-Écosse,NS,Canada,CA,CNC
"Helicotylenchus spitsbergensis Loof, 1971",Animalia,species | espèce,Nova Scotia | Nouvelle-Écosse,NS,Canada,CA,CNC
"Hemicycliophora minora Wu, 1966",Animalia,species | espèce,Nova Scotia | Nouvelle-Écosse,NS,Canada,CA,CNC
"Hemicycliophora uniformis Thorne, 1955",Animalia,species | espèce,Nova Scotia | Nouvelle-Écosse,NS,Canada,CA,CNC
"Hoplolaimus galeatus (Cobb, 1913)",Animalia,species | espèce,Nova Scotia | Nouvelle-Écosse,NS,Canada,CA,CNC
"Meloidogyne hapla Chitwood, 1949",Animalia,species | espèce,Nova Scotia | Nouvelle-Écosse,NS,Canada,CA,CNC
"Meloidogyne incognita (Kofoid & White, 1919) Chitwood, 1949",Animalia,species | espèce,Nova Scotia | Nouvelle-Écosse,NS,Canada,CA,CNC
"Mermis nigrescens Dujardin, 1842",Animalia,species | espèce,Nova Scotia | Nouvelle-Écosse,NS,Canada,CA,CNC
"Ogma seymouri (Wu, 1965) Siddiqi, 1986",Animalia,species | espèce,Nova Scotia | Nouvelle-Écosse,NS,Canada,CA,CNC
"Paratylenchus microdorus Andrássy, 1959",Animalia,species | espèce,Nova Scotia | Nouvelle-Écosse,NS,Canada,CA,CNC
"Paratylenchus projectus Jenkins, 1956",Animalia,species | espèce,Nova Scotia | Nouvelle-Écosse,NS,Canada,CA,CNC
"Pelodera strongyloides (A. Schneider, 1860) Schneider, 1866",Animalia,species | espèce,Nova Scotia | Nouvelle-Écosse,NS,Canada,CA,CNC
"Pratylenchus crenatus Loof, 1960",Animalia,species | espèce,Nova Scotia | Nouvelle-Écosse,NS,Canada,CA,CNC
"Pratylenchus neglectus (Rensch, 1924) Filipjev & Schuurmans Stekhoven, 1941",Animalia,species | espèce,Nova Scotia | Nouvelle-Écosse,NS,Canada,CA,CNC
"Pratylenchus penetrans (Cobb, 1917) Filipjev & Schuurmans Stekhoven, 1941",Animalia,species | espèce,Nova Scotia | Nouvelle-Écosse,NS,Canada,CA,CNC
"Theristus acer Bastian, 1865",Animalia,species | espèce,Nova Scotia | Nouvelle-Écosse,NS,Canada,CA,CNC
"Tylenchorhynchus dubius (Bütschli, 1873) Filipjev, 1936",Animalia,species | espèce,Nova Scotia | Nouvelle-Écosse,NS,Canada,CA,CNC
"Tylenchorhynchus maximus Allen, 1955",Animalia,species | espèce,Nova Scotia | Nouvelle-Écosse,NS,Canada,CA,CNC
"Viscosia macramphida Chitwood, 1951",Animalia,species | espèce,Nova Scotia | Nouvelle-Écosse,NS,Canada,CA,CNC
"Mesocriconema axeste (Fassuliotis & Williamson, 1959) Loof & De Grisse, 1989",Animalia,species | espèce,Nova Scotia | Nouvelle-Écosse,NS,Canada,CA,CNC
"Mesocriconema xenoplax (Raski, 1952) Loof & De Grisse, 1989",Animalia,species | espèce,Nova Scotia | Nouvelle-Écosse,NS,Canada,CA,CNC
"Acrobeloides apiculatus (Thorne, 1925) Thorne, 1937",Animalia,species | espèce,Ontario,ON,Canada,CA,CNC
"Acrobeloides nanus (de Man, 1880) Anderson, 1968",Animalia,species | espèce,Ontario,ON,Canada,CA,CNC
"Amplimerlinius amplus Siddiqi, 1976",Animalia,species | espèce,Ontario,ON,Canada,CA,CNC
"Aphelenchoides fragariae (Ritzema Bos, 1890) Christie, 1932",Animalia,species | espèce,Ontario,ON,Canada,CA,CNC
"Aphelenchoides limberi Steiner, 1936",Animalia,species | espèce,Ontario,ON,Canada,CA,CNC
"Aphelenchoides parietinus (Bastian, 1865) Steiner, 1932",Animalia,species | espèce,Ontario,ON,Canada,CA,CNC
"Aphelenchoides ritzemabosi (Schwartz, 1911) Steiner and Buhrer, 1932",Animalia,species | espèce,Ontario,ON,Canada,CA,CNC
"Aphelenchoides saprophilus Franklin, 1957",Animalia,species | espèce,Ontario,ON,Canada,CA,CNC
"Aphelenchoides subtenuis (Cobb, 1926)",Animalia,species | espèce,Ontario,ON,Canada,CA,CNC
"Aphelenchus avenae Bastian, 1865",Animalia,species | espèce,Ontario,ON,Canada,CA,CNC
"Bakernema inaequale (Taylor, 1936) Mehta & Raski, 1971",Animalia,species | espèce,Ontario,ON,Canada,CA,CNC
"Cactodera weissi (Steiner, 1949) Krall & Krall, 1978",Animalia,species | espèce,Ontario,ON,Canada,CA,CNC
"Cephalenchus hexalineatus (Geraert, 1962) Geraert & Goodey, 1964",Animalia,species | espèce,Ontario,ON,Canada,CA,CNC
"Criconema crotaloides (Cobb, 1924) Schuurmans-Stekhoven & Teunissen, 1938",Animalia,species | espèce,Ontario,ON,Canada,CA,CNC
"Criconema demani Micoletzky, 1925",Animalia,species | espèce,Ontario,ON,Canada,CA,CNC
"Criconema longulum Gunhold, 1953",Animalia,species | espèce,Ontario,ON,Canada,CA,CNC
"Criconema mutabile (Taylor, 1936) Raski & Luc, 1985",Animalia,species | espèce,Ontario,ON,Canada,CA,CNC
"Criconema sphagni Micoletzky, 1925",Animalia,species | espèce,Ontario,ON,Canada,CA,CNC
"Crossonema capitospinosum Ebsary, 1979",Animalia,species | espèce,Ontario,ON,Canada,CA,CNC
"Cuticonema vivipara Sanwal, 1959",Animalia,species | espèce,Ontario,ON,Canada,CA,CNC
"Cylindrolaimus melancholicus de Man, 1880",Animalia,species | espèce,Ontario,ON,Canada,CA,CNC
"Ditylenchus destructor Thorne, 1945",Animalia,species | espèce,Ontario,ON,Canada,CA,CNC
"Ditylenchus dipsaci (Kühn, 1857) Filipjev, 1936",Animalia,species | espèce,Ontario,ON,Canada,CA,CNC
"Ereptonema fimbriatum Anderson, 1966",Animalia,species | espèce,Ontario,ON,Canada,CA,CNC
"Geocenamus longus (Wu, 1969) Tarjan, 1973",Animalia,species | espèce,Ontario,ON,Canada,CA,CNC
"Helicotylenchus californicus Sher, 1966",Animalia,species | espèce,Ontario,ON,Canada,CA,CNC
"Helicotylenchus digonicus Perry in Perry, Darling & Thorne, 1959",Animalia,species | espèce,Ontario,ON,Canada,CA,CNC
"Helicotylenchus dihystera (Cobb, 1893) Sher, 1966",Animalia,species | espèce,Ontario,ON,Canada,CA,CNC
"Helicotylenchus leiocephalus Sher, 1966",Animalia,species | espèce,Ontario,ON,Canada,CA,CNC
"Helicotylenchus pseudorobustus (Steiner, 1914) Golden, 1956",Animalia,species | espèce,Ontario,ON,Canada,CA,CNC
"Helicotylenchus teleductus Anderson, 1974",Animalia,species | espèce,Ontario,ON,Canada,CA,CNC
"Helicotylenchus varicaudatus Yuen, 1964",Animalia,species | espèce,Ontario,ON,Canada,CA,CNC
"Hemicycliophora minora Wu, 1966",Animalia,species | espèce,Ontario,ON,Canada,CA,CNC
"Hemicycliophora similis Thorne, 1955",Animalia,species | espèce,Ontario,ON,Canada,CA,CNC
"Hemicycliophora uniformis Thorne, 1955",Animalia,species | espèce,Ontario,ON,Canada,CA,CNC
"Hemicycliophora vidua Raski, 1958",Animalia,species | espèce,Ontario,ON,Canada,CA,CNC
"Heterodera avenae Wollenweber, 1924",Animalia,species | espèce,Ontario,ON,Canada,CA,CNC
"Heterodera carotae Jones, 1950a",Animalia,species | espèce,Ontario,ON,Canada,CA,CNC
"Heterodera cruciferae Franklin, 1945",Animalia,species | espèce,Ontario,ON,Canada,CA,CNC
"Heterodera fici Kirjanova, 1954",Animalia,species | espèce,Ontario,ON,Canada,CA,CNC
"Heterodera glycines Ichinohe, 1952",Animalia,species | espèce,Ontario,ON,Canada,CA,CNC
"Heterodera schachtii A. Schmidt, 1871",Animalia,species | espèce,Ontario,ON,Canada,CA,CNC
"Heterodera trifolii Goffart, 1932",Animalia,species | espèce,Ontario,ON,Canada,CA,CNC
"Hirschmanniella gracilis (de Man, 1880) Luc & Goodey, 1964",Animalia,species | espèce,Ontario,ON,Canada,CA,CNC
"Hoplolaimus galeatus (Cobb, 1913)",Animalia,species | espèce,Ontario,ON,Canada,CA,CNC
"Judonchulus recessus (Cobb, 1917) Andrássy, 1958",Animalia,species | espèce,Ontario,ON,Canada,CA,CNC
"Longidorus breviannulatus Norton & Hoffmann, 1975",Animalia,species | espèce,Ontario,ON,Canada,CA,CNC
"Longidorus diadecturus Eveleigh & Allen, 1982",Animalia,species | espèce,Ontario,ON,Canada,CA,CNC
"Longidorus elongatus (de Man, 1876) Micoletzky, 1922",Animalia,species | espèce,Ontario,ON,Canada,CA,CNC
"Meloidogyne arenaria (Neal, 1889) Chitwood, 1949",Animalia,species | espèce,Ontario,ON,Canada,CA,CNC
"Meloidogyne graminis (Sledge & Golden, 1964) Whitehead, 1968",Animalia,species | espèce,Ontario,ON,Canada,CA,CNC
"Meloidogyne hapla Chitwood, 1949",Animalia,species | espèce,Ontario,ON,Canada,CA,CNC
"Meloidogyne incognita (Kofoid & White, 1919) Chitwood, 1949",Animalia,species | espèce,Ontario,ON,Canada,CA,CNC
"Meloidogyne javanica (Treub, 1885) Chitwood, 1949",Animalia,species | espèce,Ontario,ON,Canada,CA,CNC
"Meloidogyne microtyla Mulvey, Townshend & Potter, 1975",Animalia,species | espèce,Ontario,ON,Canada,CA,CNC
"Meloidogyne naasi Franklin, 1965",Animalia,species | espèce,Ontario,ON,Canada,CA,CNC
"Mermis nigrescens Dujardin, 1842",Animalia,species | espèce,Ontario,ON,Canada,CA,CNC
"Mononchus truncatus Bastian, 1865",Animalia,species | espèce,Ontario,ON,Canada,CA,CNC
"Mylonchulus subtenuis Cobb, 1917",Animalia,species | espèce,Ontario,ON,Canada,CA,CNC
"Nagelus leptus (Allen, 1955) Siddiqi, 1979",Animalia,species | espèce,Ontario,ON,Canada,CA,CNC
"Ogma cobbi (Micoletzky, 1925) Siddiqi, 1986",Animalia,species | espèce,Ontario,ON,Canada,CA,CNC
"Ogma seymouri (Wu, 1965) Siddiqi, 1986",Animalia,species | espèce,Ontario,ON,Canada,CA,CNC
"Panagrellus redivivus (Linnaeus, 1767) Goodey, 1945",Animalia,species | espèce,Ontario,ON,Canada,CA,CNC
"Paraplectonema canadianum Hopper, 1968",Animalia,species | espèce,Ontario,ON,Canada,CA,CNC
"Paratrichodorus pachydermus (Seinhorst, 1954)",Animalia,species | espèce,Ontario,ON,Canada,CA,CNC
"Paratylenchus aciculus Brown, 1959",Animalia,species | espèce,Ontario,ON,Canada,CA,CNC
"Paratylenchus audriellus Brown, 1959",Animalia,species | espèce,Ontario,ON,Canada,CA,CNC
"Paratylenchus brevihastus Wu, 1962",Animalia,species | espèce,Ontario,ON,Canada,CA,CNC
"Paratylenchus hamatus Thorne & Allen, 1950",Animalia,species | espèce,Ontario,ON,Canada,CA,CNC
"Paratylenchus microdorus Andrássy, 1959",Animalia,species | espèce,Ontario,ON,Canada,CA,CNC
"Paratylenchus projectus Jenkins, 1956",Animalia,species | espèce,Ontario,ON,Canada,CA,CNC
"Paratylenchus robustus Wu, 1974",Animalia,species | espèce,Ontario,ON,Canada,CA,CNC
"Paratylenchus tateae Wu & Townshend, 1973",Animalia,species | espèce,Ontario,ON,Canada,CA,CNC
"Paratylenchus tenuicaudatus Wu, 1961",Animalia,species | espèce,Ontario,ON,Canada,CA,CNC
"Paratylenchus variabilis Raski, 1975",Animalia,species | espèce,Ontario,ON,Canada,CA,CNC
"Pelodera punctata (Cobb, 1914) Dougherty, 1955",Animalia,species | espèce,Ontario,ON,Canada,CA,CNC
"Plectus rhizophilus de Man, 1880",Animalia,species | espèce,Ontario,ON,Canada,CA,CNC
"Pratylenchus brachyurus (Godfrey, 1929) Filipjev & Schuurmans Stekhoven, 1941",Animalia,species | espèce,Ontario,ON,Canada,CA,CNC
"Pratylenchus crenatus Loof, 1960",Animalia,species | espèce,Ontario,ON,Canada,CA,CNC
"Pratylenchus fallax Seinhorst, 1968",Animalia,species | espèce,Ontario,ON,Canada,CA,CNC
"Pratylenchus hexincisus Taylor & Jenkins, 1957",Animalia,species | espèce,Ontario,ON,Canada,CA,CNC
"Pratylenchus macrostylus Wu, 1971",Animalia,species | espèce,Ontario,ON,Canada,CA,CNC
"Pratylenchus neglectus (Rensch, 1924) Filipjev & Schuurmans Stekhoven, 1941",Animalia,species | espèce,Ontario,ON,Canada,CA,CNC
"Pratylenchus penetrans (Cobb, 1917) Filipjev & Schuurmans Stekhoven, 1941",Animalia,species | espèce,Ontario,ON,Canada,CA,CNC
"Pratylenchus sensillatus Anderson & Townshend, 1985",Animalia,species | espèce,Ontario,ON,Canada,CA,CNC
"Pratylenchus vulnus Allen & Jensen, 1951",Animalia,species | espèce,Ontario,ON,Canada,CA,CNC
"Psilenchus hilarulus de Man, 1921",Animalia,species | espèce,Ontario,ON,Canada,CA,CNC
"Punctodera punctata (Thorne, 1928) Mulvey & Stone, 1976",Animalia,species | espèce,Ontario,ON,Canada,CA,CNC
"Rotylenchus buxophilus (Golden, 1956)",Animalia,species | espèce,Ontario,ON,Canada,CA,CNC
"Rotylenchus robustus (de Man, 1876)",Animalia,species | espèce,Ontario,ON,Canada,CA,CNC
"Scutellonema brachyurum (Steiner, 1938) Andrássy, 1958",Animalia,species | espèce,Ontario,ON,Canada,CA,CNC
"Scutellonema cephalidum Anderson, Handoo & Townshend, 1984",Animalia,species | espèce,Ontario,ON,Canada,CA,CNC
"Teratorhabditis stiannula Anderson, 1979",Animalia,species | espèce,Ontario,ON,Canada,CA,CNC
"Turbatrix aceti (Müller, 1783) Peters, 1927",Animalia,species | espèce,Ontario,ON,Canada,CA,CNC
"Tylenchorhynchus agri Ferris, 1963",Animalia,species | espèce,Ontario,ON,Canada,CA,CNC
"Tylenchorhynchus claytoni Steiner, 1937",Animalia,species | espèce,Ontario,ON,Canada,CA,CNC
"Tylenchorhynchus dubius (Bütschli, 1873) Filipjev, 1936",Animalia,species | espèce,Ontario,ON,Canada,CA,CNC
"Tylenchorhynchus irregularis Wu, 1969",Animalia,species | espèce,Ontario,ON,Canada,CA,CNC
"Tylenchorhynchus maximus Allen, 1955",Animalia,species | espèce,Ontario,ON,Canada,CA,CNC
"Tylenchorhynchus nudus Allen, 1955",Animalia,species | espèce,Ontario,ON,Canada,CA,CNC
"Xenocriconemella macrodora (Taylor, 1936) De Grisse & Loof, 1965",Animalia,species | espèce,Ontario,ON,Canada,CA,CNC
"Xiphinema diversicaudatum (Micoletzky, 1923 & 1927) Thorne, 1939",Animalia,species | espèce,Ontario,ON,Canada,CA,CNC
"Mesocriconema axeste (Fassuliotis & Williamson, 1959) Loof & De Grisse, 1989",Animalia,species | espèce,Ontario,ON,Canada,CA,CNC
"Mesocriconema xenoplax (Raski, 1952) Loof & De Grisse, 1989",Animalia,species | espèce,Ontario,ON,Canada,CA,CNC
"Aphelenchoides cyrtus Paesler, 1959",Animalia,species | espèce,Prince Edward Island | Île-du-Prince-Édouard,PE,Canada,CA,CNC
"Aphelenchoides parietinus (Bastian, 1865) Steiner, 1932",Animalia,species | espèce,Prince Edward Island | Île-du-Prince-Édouard,PE,Canada,CA,CNC
"Aphelenchus avenae Bastian, 1865",Animalia,species | espèce,Prince Edward Island | Île-du-Prince-Édouard,PE,Canada,CA,CNC
"Bathylaimus hamatus Hopper, 1968",Animalia,species | espèce,Prince Edward Island | Île-du-Prince-Édouard,PE,Canada,CA,CNC
"Criconema sphagni Micoletzky, 1925",Animalia,species | espèce,Prince Edward Island | Île-du-Prince-Édouard,PE,Canada,CA,CNC
"Cylindrolaimus obtusus Cobb, 1916",Animalia,species | espèce,Prince Edward Island | Île-du-Prince-Édouard,PE,Canada,CA,CNC
"Ditylenchus destructor Thorne, 1945",Animalia,species | espèce,Prince Edward Island | Île-du-Prince-Édouard,PE,Canada,CA,CNC
"Helicotylenchus digonicus Perry in Perry, Darling & Thorne, 1959",Animalia,species | espèce,Prince Edward Island | Île-du-Prince-Édouard,PE,Canada,CA,CNC
"Helicotylenchus dihystera (Cobb, 1893) Sher, 1966",Animalia,species | espèce,Prince Edward Island | Île-du-Prince-Édouard,PE,Canada,CA,CNC
"Helicotylenchus pseudorobustus (Steiner, 1914) Golden, 1956",Animalia,species | espèce,Prince Edward Island | Île-du-Prince-Édouard,PE,Canada,CA,CNC
"Helicotylenchus urobelus Anderson, 1978",Animalia,species | espèce,Prince Edward Island | Île-du-Prince-Édouard,PE,Canada,CA,CNC
"Heterodera avenae Wollenweber, 1924",Animalia,species | espèce,Prince Edward Island | Île-du-Prince-Édouard,PE,Canada,CA,CNC
"Heterodera latipons Franklin, 1969",Animalia,species | espèce,Prince Edward Island | Île-du-Prince-Édouard,PE,Canada,CA,CNC
"Heterodera schachtii A. Schmidt, 1871",Animalia,species | espèce,Prince Edward Island | Île-du-Prince-Édouard,PE,Canada,CA,CNC
"Heterodera trifolii Goffart, 1932",Animalia,species | espèce,Prince Edward Island | Île-du-Prince-Édouard,PE,Canada,CA,CNC
"Hirschmanniella pisquidensis Ebsary & Pharoah, 1982",Animalia,species | espèce,Prince Edward Island | Île-du-Prince-Édouard,PE,Canada,CA,CNC
"Hoplolaimus indicus Sher, 1963",Animalia,species | espèce,Prince Edward Island | Île-du-Prince-Édouard,PE,Canada,CA,CNC
"Hypodontolaimus reversus Hopper, 1968",Animalia,species | espèce,Prince Edward Island | Île-du-Prince-Édouard,PE,Canada,CA,CNC
"Longidorus elongatus (de Man, 1876) Micoletzky, 1922",Animalia,species | espèce,Prince Edward Island | Île-du-Prince-Édouard,PE,Canada,CA,CNC
"Meloidogyne hapla Chitwood, 1949",Animalia,species | espèce,Prince Edward Island | Île-du-Prince-Édouard,PE,Canada,CA,CNC
"Nothotylenchus acris Thorne, 1941",Animalia,species | espèce,Prince Edward Island | Île-du-Prince-Édouard,PE,Canada,CA,CNC
"Paratylenchus brevihastus Wu, 1962",Animalia,species | espèce,Prince Edward Island | Île-du-Prince-Édouard,PE,Canada,CA,CNC
"Paratylenchus hamatus Thorne & Allen, 1950",Animalia,species | espèce,Prince Edward Island | Île-du-Prince-Édouard,PE,Canada,CA,CNC
"Paratylenchus labiosus Anderson & Kimpinski, 1977",Animalia,species | espèce,Prince Edward Island | Île-du-Prince-Édouard,PE,Canada,CA,CNC
"Paratylenchus microdorus Andrássy, 1959",Animalia,species | espèce,Prince Edward Island | Île-du-Prince-Édouard,PE,Canada,CA,CNC
"Paratylenchus neoprojectus Wu & Hawn, 1975",Animalia,species | espèce,Prince Edward Island | Île-du-Prince-Édouard,PE,Canada,CA,CNC
"Paratylenchus projectus Jenkins, 1956",Animalia,species | espèce,Prince Edward Island | Île-du-Prince-Édouard,PE,Canada,CA,CNC
"Paratylenchus tateae Wu & Townshend, 1973",Animalia,species | espèce,Prince Edward Island | Île-du-Prince-Édouard,PE,Canada,CA,CNC
"Pratylenchus crenatus Loof, 1960",Animalia,species | espèce,Prince Edward Island | Île-du-Prince-Édouard,PE,Canada,CA,CNC
"Pratylenchus flakkensis Seinhorst, 1968",Animalia,species | espèce,Prince Edward Island | Île-du-Prince-Édouard,PE,Canada,CA,CNC
"Pratylenchus neglectus (Rensch, 1924) Filipjev & Schuurmans Stekhoven, 1941",Animalia,species | espèce,Prince Edward Island | Île-du-Prince-Édouard,PE,Canada,CA,CNC
"Pratylenchus penetrans (Cobb, 1917) Filipjev & Schuurmans Stekhoven, 1941",Animalia,species | espèce,Prince Edward Island | Île-du-Prince-Édouard,PE,Canada,CA,CNC
"Psilenchus hilarulus de Man, 1921",Animalia,species | espèce,Prince Edward Island | Île-du-Prince-Édouard,PE,Canada,CA,CNC
"Tylenchorhynchus dubius (Bütschli, 1873) Filipjev, 1936",Animalia,species | espèce,Prince Edward Island | Île-du-Prince-Édouard,PE,Canada,CA,CNC
"Tylenchorhynchus irregularis Wu, 1969",Animalia,species | espèce,Prince Edward Island | Île-du-Prince-Édouard,PE,Canada,CA,CNC
"Tylenchorhynchus maximus Allen, 1955",Animalia,species | espèce,Prince Edward Island | Île-du-Prince-Édouard,PE,Canada,CA,CNC
"Xiphinema diversicaudatum (Micoletzky, 1923 & 1927) Thorne, 1939",Animalia,species | espèce,Prince Edward Island | Île-du-Prince-Édouard,PE,Canada,CA,CNC
"Mesocriconema xenoplax (Raski, 1952) Loof & De Grisse, 1989",Animalia,species | espèce,Prince Edward Island | Île-du-Prince-Édouard,PE,Canada,CA,CNC
"Acrobeloides apiculatus (Thorne, 1925) Thorne, 1937",Animalia,species | espèce,Quebec | Québec,QC,Canada,CA,CNC
"Acrobeloides nanus (de Man, 1880) Anderson, 1968",Animalia,species | espèce,Quebec | Québec,QC,Canada,CA,CNC
"Amplimerlinius amplus Siddiqi, 1976",Animalia,species | espèce,Quebec | Québec,QC,Canada,CA,CNC
"Aphelenchoides parietinus (Bastian, 1865) Steiner, 1932",Animalia,species | espèce,Quebec | Québec,QC,Canada,CA,CNC
"Aphelenchoides saprophilus Franklin, 1957",Animalia,species | espèce,Quebec | Québec,QC,Canada,CA,CNC
"Aphelenchus avenae Bastian, 1865",Animalia,species | espèce,Quebec | Québec,QC,Canada,CA,CNC
"Bakernema inaequale (Taylor, 1936) Mehta & Raski, 1971",Animalia,species | espèce,Quebec | Québec,QC,Canada,CA,CNC
"Butlerius canadensis Ebsary, 1986",Animalia,species | espèce,Quebec | Québec,QC,Canada,CA,CNC
"Cactodera cacti (Filipjev & Schuurmans Stekhoven, 1941) Krall & Krall, 1978",Animalia,species | espèce,Quebec | Québec,QC,Canada,CA,CNC
"Coslenchus assamensis (Phukan & Sanwal, 1980) Andrássy, 1982",Animalia,species | espèce,Quebec | Québec,QC,Canada,CA,CNC
"Criconema longulum Gunhold, 1953",Animalia,species | espèce,Quebec | Québec,QC,Canada,CA,CNC
"Criconema petasum (Wu, 1965) Raski & Luc, 1985",Animalia,species | espèce,Quebec | Québec,QC,Canada,CA,CNC
"Criconema sphagni Micoletzky, 1925",Animalia,species | espèce,Quebec | Québec,QC,Canada,CA,CNC
"Cylindrolaimus communis de Man, 1880",Animalia,species | espèce,Quebec | Québec,QC,Canada,CA,CNC
"Cylindrolaimus melancholicus de Man, 1880",Animalia,species | espèce,Quebec | Québec,QC,Canada,CA,CNC
"Ditylenchus dipsaci (Kühn, 1857) Filipjev, 1936",Animalia,species | espèce,Quebec | Québec,QC,Canada,CA,CNC
"Ditylenchus myceliophagus Goodey, 1958",Animalia,species | espèce,Quebec | Québec,QC,Canada,CA,CNC
"Dolichodera fluvialis Mulvey & Ebsary, 1980",Animalia,species | espèce,Quebec | Québec,QC,Canada,CA,CNC
"Dolichodorus heterocephalus Cobb, 1914",Animalia,species | espèce,Quebec | Québec,QC,Canada,CA,CNC
"Eutylenchus excretorius Ebsary & Eveleigh, 1981",Animalia,species | espèce,Quebec | Québec,QC,Canada,CA,CNC
"Geocenamus longus (Wu, 1969) Tarjan, 1973",Animalia,species | espèce,Quebec | Québec,QC,Canada,CA,CNC
"Helicotylenchus amplius Anderson & Eveleigh, 1982",Animalia,species | espèce,Quebec | Québec,QC,Canada,CA,CNC
"Helicotylenchus cornurus Anderson, 1974",Animalia,species | espèce,Quebec | Québec,QC,Canada,CA,CNC
"Helicotylenchus digonicus Perry in Perry, Darling & Thorne, 1959",Animalia,species | espèce,Quebec | Québec,QC,Canada,CA,CNC
"Helicotylenchus pseudorobustus (Steiner, 1914) Golden, 1956",Animalia,species | espèce,Quebec | Québec,QC,Canada,CA,CNC
"Helicotylenchus teleductus Anderson, 1974",Animalia,species | espèce,Quebec | Québec,QC,Canada,CA,CNC
"Hemicycliophora minora Wu, 1966",Animalia,species | espèce,Quebec | Québec,QC,Canada,CA,CNC
"Hemicycliophora uniformis Thorne, 1955",Animalia,species | espèce,Quebec | Québec,QC,Canada,CA,CNC
"Hemicycliophora vidua Raski, 1958",Animalia,species | espèce,Quebec | Québec,QC,Canada,CA,CNC
"Heterodera canadensis Mulvey, 1979",Animalia,species | espèce,Quebec | Québec,QC,Canada,CA,CNC
"Heterodera schachtii A. Schmidt, 1871",Animalia,species | espèce,Quebec | Québec,QC,Canada,CA,CNC
"Heterodera trifolii Goffart, 1932",Animalia,species | espèce,Quebec | Québec,QC,Canada,CA,CNC
"Hirschmanniella anchoryzae Ebsary & Anderson, 1982",Animalia,species | espèce,Quebec | Québec,QC,Canada,CA,CNC
"Hirschmanniella mucronata (Das, 1960) Khan, Siddiqi, Khan, Husain & Saxena, 1964",Animalia,species | espèce,Quebec | Québec,QC,Canada,CA,CNC
"Ironus sphincterus Ebsary, 1985",Animalia,species | espèce,Quebec | Québec,QC,Canada,CA,CNC
"Lindseyus costatus Ferris & Ferris, 1973",Animalia,species | espèce,Quebec | Québec,QC,Canada,CA,CNC
"Lobocriconema thornei Knobloch & Bird, 1978",Animalia,species | espèce,Quebec | Québec,QC,Canada,CA,CNC
"Longidorus elongatus (de Man, 1876) Micoletzky, 1922",Animalia,species | espèce,Quebec | Québec,QC,Canada,CA,CNC
"Macrolaimus canadensis Sanwal, 1960",Animalia,species | espèce,Quebec | Québec,QC,Canada,CA,CNC
"Meloidogyne aquatilis Ebsary & Eveleigh, 1983",Animalia,species | espèce,Quebec | Québec,QC,Canada,CA,CNC
"Meloidogyne arenaria (Neal, 1889) Chitwood, 1949",Animalia,species | espèce,Quebec | Québec,QC,Canada,CA,CNC
"Meloidogyne hapla Chitwood, 1949",Animalia,species | espèce,Quebec | Québec,QC,Canada,CA,CNC
"Meloidogyne incognita (Kofoid & White, 1919) Chitwood, 1949",Animalia,species | espèce,Quebec | Québec,QC,Canada,CA,CNC
"Meloidogyne sewelli Mulvey & Anderson, 1980",Animalia,species | espèce,Quebec | Québec,QC,Canada,CA,CNC
"Mermis nigrescens Dujardin, 1842",Animalia,species | espèce,Quebec | Québec,QC,Canada,CA,CNC
"Mononchoides andersoni Ebsary, 1986",Animalia,species | espèce,Quebec | Québec,QC,Canada,CA,CNC
"Mononchus truncatus Bastian, 1865",Animalia,species | espèce,Quebec | Québec,QC,Canada,CA,CNC
"Mylonchulus brachyuris (Bütschli, 1873) Cobb, 1917",Animalia,species | espèce,Quebec | Québec,QC,Canada,CA,CNC
"Mylonchulus lacustris (Cobb N.A in Cobb M.V., 1915) Andrássy, 1958",Animalia,species | espèce,Quebec | Québec,QC,Canada,CA,CNC
"Mylonchulus solus Mulvey, 1961",Animalia,species | espèce,Quebec | Québec,QC,Canada,CA,CNC
"Mylonchulus subtenuis Cobb, 1917",Animalia,species | espèce,Quebec | Québec,QC,Canada,CA,CNC
"Ogma cobbi (Micoletzky, 1925) Siddiqi, 1986",Animalia,species | espèce,Quebec | Québec,QC,Canada,CA,CNC
"Paratylenchus aciculus Brown, 1959",Animalia,species | espèce,Quebec | Québec,QC,Canada,CA,CNC
"Paratylenchus aculentus Brown, 1959",Animalia,species | espèce,Quebec | Québec,QC,Canada,CA,CNC
"Paratylenchus hamatus Thorne & Allen, 1950",Animalia,species | espèce,Quebec | Québec,QC,Canada,CA,CNC
"Paratylenchus microdorus Andrássy, 1959",Animalia,species | espèce,Quebec | Québec,QC,Canada,CA,CNC
"Paratylenchus neoprojectus Wu & Hawn, 1975",Animalia,species | espèce,Quebec | Québec,QC,Canada,CA,CNC
"Paratylenchus projectus Jenkins, 1956",Animalia,species | espèce,Quebec | Québec,QC,Canada,CA,CNC
"Paratylenchus tateae Wu & Townshend, 1973",Animalia,species | espèce,Quebec | Québec,QC,Canada,CA,CNC
"Paratylenchus tenuicaudatus Wu, 1961",Animalia,species | espèce,Quebec | Québec,QC,Canada,CA,CNC
"Pelodera punctata (Cobb, 1914) Dougherty, 1955",Animalia,species | espèce,Quebec | Québec,QC,Canada,CA,CNC
"Plectus spicacaudatus Ebsary, 1985",Animalia,species | espèce,Quebec | Québec,QC,Canada,CA,CNC
"Plectus varians Maggenti, 1961",Animalia,species | espèce,Quebec | Québec,QC,Canada,CA,CNC
"Pratylenchus crenatus Loof, 1960",Animalia,species | espèce,Quebec | Québec,QC,Canada,CA,CNC
"Pratylenchus macrostylus Wu, 1971",Animalia,species | espèce,Quebec | Québec,QC,Canada,CA,CNC
"Pratylenchus neglectus (Rensch, 1924) Filipjev & Schuurmans Stekhoven, 1941",Animalia,species | espèce,Quebec | Québec,QC,Canada,CA,CNC
"Pratylenchus penetrans (Cobb, 1917) Filipjev & Schuurmans Stekhoven, 1941",Animalia,species | espèce,Quebec | Québec,QC,Canada,CA,CNC
"Pratylenchus sefaensis Fortuner, 1973",Animalia,species | espèce,Quebec | Québec,QC,Canada,CA,CNC
"Pratylenchus vulnus Allen & Jensen, 1951",Animalia,species | espèce,Quebec | Québec,QC,Canada,CA,CNC
"Punctodera punctata (Thorne, 1928) Mulvey & Stone, 1976",Animalia,species | espèce,Quebec | Québec,QC,Canada,CA,CNC
"Rhabdolaimus terrestris de Man, 1880",Animalia,species | espèce,Quebec | Québec,QC,Canada,CA,CNC
"Steineridora adriatica (Daday, 1901) Inglis, 1969",Animalia,species | espèce,Quebec | Québec,QC,Canada,CA,CNC
"Steinernema feltiae (Filipjev, 1934) Wouts, Mráček, Gerdin & Bedding, 1982",Animalia,species | espèce,Quebec | Québec,QC,Canada,CA,CNC
"Theristus acer Bastian, 1865",Animalia,species | espèce,Quebec | Québec,QC,Canada,CA,CNC
"Tylenchorhynchus claytoni Steiner, 1937",Animalia,species | espèce,Quebec | Québec,QC,Canada,CA,CNC
"Tylenchorhynchus dubius (Bütschli, 1873) Filipjev, 1936",Animalia,species | espèce,Quebec | Québec,QC,Canada,CA,CNC
"Tylenchorhynchus maximus Allen, 1955",Animalia,species | espèce,Quebec | Québec,QC,Canada,CA,CNC
"Xiphinema diversicaudatum (Micoletzky, 1923 & 1927) Thorne, 1939",Animalia,species | espèce,Quebec | Québec,QC,Canada,CA,CNC
"Mesocriconema parareedi (Ebsary, 1981) Loof & De Grisse, 1989",Animalia,species | espèce,Quebec | Québec,QC,Canada,CA,CNC
"Mesocriconema xenoplax (Raski, 1952) Loof & De Grisse, 1989",Animalia,species | espèce,Quebec | Québec,QC,Canada,CA,CNC
"Aphelenchoides subtenuis (Cobb, 1926)",Animalia,species | espèce,Saskatchewan,SK,Canada,CA,CNC
"Aphelenchus avenae Bastian, 1865",Animalia,species | espèce,Saskatchewan,SK,Canada,CA,CNC
"Cactodera weissi (Steiner, 1949) Krall & Krall, 1978",Animalia,species | espèce,Saskatchewan,SK,Canada,CA,CNC
"Ditylenchus dipsaci (Kühn, 1857) Filipjev, 1936",Animalia,species | espèce,Saskatchewan,SK,Canada,CA,CNC
"Geocenamus longus (Wu, 1969) Tarjan, 1973",Animalia,species | espèce,Saskatchewan,SK,Canada,CA,CNC
"Helicotylenchus cornurus Anderson, 1974",Animalia,species | espèce,Saskatchewan,SK,Canada,CA,CNC
"Helicotylenchus erythrinae (Zimmermann, 1904) Golden, 1956",Animalia,species | espèce,Saskatchewan,SK,Canada,CA,CNC
"Helicotylenchus leiocephalus Sher, 1966",Animalia,species | espèce,Saskatchewan,SK,Canada,CA,CNC
"Helicotylenchus spitsbergensis Loof, 1971",Animalia,species | espèce,Saskatchewan,SK,Canada,CA,CNC
"Heterodera schachtii A. Schmidt, 1871",Animalia,species | espèce,Saskatchewan,SK,Canada,CA,CNC
"Meloidogyne incognita (Kofoid & White, 1919) Chitwood, 1949",Animalia,species | espèce,Saskatchewan,SK,Canada,CA,CNC
"Nagelus leptus (Allen, 1955) Siddiqi, 1979",Animalia,species | espèce,Saskatchewan,SK,Canada,CA,CNC
"Nothotylenchus acris Thorne, 1941",Animalia,species | espèce,Saskatchewan,SK,Canada,CA,CNC
"Panagrolaimus subelongatus (Cobb, 1914)",Animalia,species | espèce,Saskatchewan,SK,Canada,CA,CNC
"Paratylenchus hamatus Thorne & Allen, 1950",Animalia,species | espèce,Saskatchewan,SK,Canada,CA,CNC
"Paratylenchus projectus Jenkins, 1956",Animalia,species | espèce,Saskatchewan,SK,Canada,CA,CNC
"Pratylenchoides bacilisemenus Sher, 1970",Animalia,species | espèce,Saskatchewan,SK,Canada,CA,CNC
"Pratylenchus fallax Seinhorst, 1968",Animalia,species | espèce,Saskatchewan,SK,Canada,CA,CNC
"Pratylenchus neglectus (Rensch, 1924) Filipjev & Schuurmans Stekhoven, 1941",Animalia,species | espèce,Saskatchewan,SK,Canada,CA,CNC
"Psilenchus hilarulus de Man, 1921",Animalia,species | espèce,Saskatchewan,SK,Canada,CA,CNC
"Punctodera matadorensis Mulvey & Stone, 1976",Animalia,species | espèce,Saskatchewan,SK,Canada,CA,CNC
"Tylenchorhynchus dubius (Bütschli, 1873) Filipjev, 1936",Animalia,species | espèce,Saskatchewan,SK,Canada,CA,CNC
"Tylenchorhynchus maximus Allen, 1955",Animalia,species | espèce,Saskatchewan,SK,Canada,CA,CNC
"Arctidorylaimus arcticus Mulvey & Anderson, 1979",Animalia,species | espèce,Yukon,YT,Canada,CA,CNC
"Gastromermis leptopeos Mulvey & Nickle, 1978",Animalia,species | espèce,Yukon,YT,Canada,CA,CNC
"Gastromermis plethelos Mulvey & Nickle, 1978",Animalia,species | espèce,Yukon,YT,Canada,CA,CNC
"Mononchus superbus Mulvey, 1978",Animalia,species | espèce,Yukon,YT,Canada,CA,CNC
"Mononchus truncatus Bastian, 1865",Animalia,species | espèce,Yukon,YT,Canada,CA,CNC
"Neomesomermis leptoderos Mulvey & Nickle, 1978",Animalia,species | espèce,Yukon,YT,Canada,CA,CNC
"Paractinolaimus longidrilus Eveleigh, 1982",Animalia,species | espèce,Yukon,YT,Canada,CA,CNC
"Paractinolaimus spanithelus Eveleigh, 1982",Animalia,species | espèce,Yukon,YT,Canada,CA,CNC
